id,name,likes
1,User1,"[512, 526, 15, 534, 23, 549, 552, 554, 555, 42, 559, 568, 59, 62, 63, 69, 582, 73, 586, 591, 592, 596, 84, 103, 113, 115, 119, 120, 122, 129]"
2,User2,"[1025, 1028, 1032, 1037, 1038, 1040, 20, 1044, 22, 23, 33, 42, 45, 48, 49, 56, 58, 1083, 64, 1089, 1090, 1091, 71, 75, 1101, 1104, 84, 1108, 86, 1111]"
3,User3,"[1154, 1027, 259, 264, 778, 1038, 272, 1169, 232, 787, 788, 275, 278, 1175, 895, 1049, 793, 1051, 151, 283, 286, 1059, 1060, 293, 1190, 1064, 297, 1066, 1195, 176]"
4,User4,"[1152, 1153, 1154, 1156, 1030, 1286, 1033, 905, 1164, 1166, 1038, 1298, 917, 1046, 924, 1182, 927, 801, 805, 934, 807, 1068, 1197, 949, 951, 1081, 954, 827, 957, 958]"
5,User5,"[1024, 1539, 1030, 1039, 1040, 1563, 1565, 1055, 1569, 1572, 1577, 1578, 1070, 1583, 1598, 1105, 1109, 1111, 1115, 1121, 1128, 1132, 1134, 1145, 1158, 1159, 1160, 1164, 1167, 1192]"
6,User6,"[1024, 1039, 1062, 1067, 1086, 1098, 1215, 1217, 1244, 1246, 1252, 1255, 1256, 1258, 1262, 1264, 1275, 1282, 1298, 801, 1317, 1319, 1323, 1325, 1336, 314, 1342, 1350, 1352, 1353]"
7,User7,"[384, 1409, 132, 134, 1543, 1417, 137, 395, 268, 141, 270, 142, 1552, 400, 271, 1427, 278, 280, 1564, 1438, 287, 1568, 288, 162, 1444, 167, 296, 297, 298, 302]"
8,User8,"[513, 515, 8, 521, 523, 15, 528, 17, 18, 530, 22, 534, 25, 538, 30, 40, 43, 44, 562, 51, 59, 572, 63, 588, 78, 88, 90, 95, 101, 103]"
9,User9,"[641, 517, 646, 1287, 520, 652, 1293, 1295, 1299, 531, 1301, 663, 541, 1314, 1318, 553, 681, 687, 1202, 1205, 1207, 568, 1210, 575, 1346, 1219, 1348, 580, 584, 1226]"
10,User10,"[1, 1026, 1033, 10, 1040, 19, 20, 1046, 1053, 31, 1055, 39, 45, 1073, 1074, 1079, 1082, 59, 74, 1099, 1100, 1103, 1106, 83, 88, 1115, 92, 1121, 1122, 1123]"
11,User11,"[1409, 1410, 1155, 1413, 1414, 510, 1158, 1417, 1033, 1157, 524, 531, 532, 405, 404, 1174, 411, 1309, 542, 1311, 544, 416, 1183, 1059, 1317, 1447, 425, 1194, 1195, 1325]"
12,User12,"[608, 613, 619, 620, 621, 622, 633, 642, 643, 647, 673, 680, 687, 691, 695, 698, 712, 718, 212, 217, 219, 230, 232, 746, 237, 240, 757, 758, 245, 760]"
13,User13,"[642, 643, 132, 133, 646, 137, 266, 657, 149, 279, 281, 668, 670, 543, 286, 545, 289, 163, 550, 679, 167, 168, 172, 559, 564, 695, 184, 570, 189, 577]"
14,User14,"[1154, 130, 516, 5, 7, 523, 11, 1165, 139, 16, 1042, 19, 404, 1174, 534, 537, 412, 541, 158, 416, 545, 547, 1060, 1188, 422, 165, 1192, 36, 173, 1070]"
15,User15,"[513, 517, 646, 775, 650, 780, 781, 783, 659, 787, 405, 535, 664, 536, 669, 670, 415, 544, 416, 418, 677, 551, 424, 427, 431, 690, 566, 695, 570, 700]"
16,User16,"[1540, 1556, 1567, 1580, 1600, 603, 607, 628, 630, 631, 641, 648, 649, 663, 664, 666, 667, 674, 698, 718, 721, 726, 730, 738, 750, 751, 756, 765, 773, 781]"
17,User17,"[1538, 1539, 1543, 1033, 1039, 1046, 1558, 1559, 1053, 1566, 1056, 1057, 1534, 1574, 1064, 1073, 1587, 1078, 1083, 1087, 1096, 1104, 1113, 1121, 1144, 1156, 1163, 1168, 1180, 1187]"
18,User18,"[128, 133, 774, 780, 782, 654, 656, 910, 914, 1040, 1044, 272, 662, 1046, 1047, 921, 794, 1049, 796, 1052, 922, 155, 151, 289, 153, 675, 1059, 157, 935, 682]"
19,User19,"[513, 1018, 1034, 1035, 524, 1037, 1036, 1045, 1046, 1047, 536, 1053, 1057, 1059, 1075, 1076, 1077, 1080, 1082, 1088, 1089, 580, 1093, 581, 1097, 586, 1100, 589, 590, 1104]"
20,User20,"[256, 3, 1156, 261, 137, 1033, 1035, 141, 1165, 145, 18, 146, 20, 147, 1041, 152, 1049, 26, 1179, 1051, 1052, 30, 159, 160, 33, 162, 35, 1184, 293, 1056]"
21,User21,"[2, 4, 9, 28, 35, 51, 57, 62, 63, 73, 78, 86, 92, 97, 104, 617, 624, 626, 116, 125, 135, 139, 140, 657, 153, 672, 675, 677, 168, 174]"
22,User22,"[523, 531, 535, 538, 547, 558, 560, 563, 565, 569, 572, 575, 584, 585, 589, 603, 610, 614, 657, 658, 674, 688, 701, 705, 706, 210, 729, 218, 736, 228]"
23,User23,"[1025, 1033, 1034, 1035, 1036, 1039, 1055, 1063, 1066, 1070, 1072, 1073, 1075, 1078, 1095, 1107, 1124, 101, 104, 1134, 111, 114, 1150, 126, 132, 1156, 1159, 138, 139, 1167]"
24,User24,"[1027, 1033, 1042, 1056, 1061, 1065, 1068, 1075, 1077, 1080, 1081, 1083, 1087, 1097, 1102, 1103, 1105, 1120, 1121, 101, 108, 1137, 1140, 117, 118, 1144, 1149, 1150, 127, 1153]"
25,User25,"[384, 132, 389, 390, 136, 401, 149, 409, 160, 418, 294, 297, 426, 174, 306, 309, 181, 183, 186, 447, 191, 451, 325, 329, 458, 201, 461, 463, 209, 468]"
26,User26,"[1025, 382, 390, 395, 1164, 1037, 1167, 1040, 401, 406, 1048, 1179, 411, 414, 415, 1184, 1187, 421, 1062, 1076, 1077, 439, 311, 1082, 316, 1085, 444, 448, 1090, 322]"
27,User27,"[1536, 519, 1416, 1544, 1418, 1420, 525, 1423, 1556, 1429, 534, 535, 409, 1434, 1563, 1437, 413, 1568, 1441, 1445, 1449, 1578, 1451, 1452, 1453, 555, 1455, 1588, 565, 571]"
28,User28,"[1026, 1028, 1037, 1046, 1048, 1056, 1057, 1067, 1071, 1080, 1087, 1092, 1093, 104, 116, 118, 123, 127, 129, 135, 144, 166, 169, 193, 198, 203, 205, 208, 212, 214]"
29,User29,"[1283, 1157, 1296, 531, 403, 533, 1175, 408, 1177, 1178, 543, 544, 1187, 548, 1191, 427, 560, 561, 433, 565, 1207, 443, 1211, 1213, 448, 1221, 454, 1223, 586, 460]"
30,User30,"[640, 641, 1026, 1537, 1408, 1029, 775, 777, 652, 654, 911, 910, 785, 1426, 787, 1553, 1427, 1425, 665, 1049, 1434, 1405, 670, 799, 800, 1056, 1570, 1446, 1064, 683]"
31,User31,"[384, 385, 386, 641, 645, 901, 647, 909, 659, 916, 535, 664, 409, 537, 666, 542, 416, 547, 805, 678, 424, 425, 680, 939, 684, 557, 814, 940, 560, 942]"
32,User32,"[129, 258, 259, 260, 132, 6, 393, 396, 397, 400, 144, 274, 19, 277, 279, 24, 153, 283, 35, 37, 297, 48, 305, 51, 183, 186, 59, 61, 62, 191]"
33,User33,"[1154, 1026, 1414, 1035, 1037, 782, 1424, 1042, 789, 662, 1173, 1176, 665, 1432, 1051, 796, 668, 671, 800, 799, 1058, 1315, 679, 1320, 1065, 1450, 1195, 1323, 1069, 1451]"
34,User34,"[1027, 1541, 1030, 1031, 1544, 1040, 1559, 1572, 1583, 1074, 1077, 1080, 1087, 1100, 1114, 1118, 611, 1137, 1152, 642, 1154, 645, 646, 648, 649, 653, 1169, 1172, 661, 663]"
35,User35,"[1031, 521, 1551, 528, 529, 1557, 1048, 1051, 1057, 548, 549, 1068, 557, 1581, 563, 1093, 582, 1096, 592, 202, 206, 218, 224, 245, 259, 271, 278, 287, 290, 292]"
36,User36,"[521, 536, 543, 546, 553, 566, 568, 578, 583, 585, 1112, 602, 1114, 609, 1121, 1127, 618, 620, 621, 1136, 1139, 1142, 1154, 656, 1169, 658, 659, 1172, 661, 662]"
37,User37,"[1284, 1285, 1287, 1289, 1165, 1169, 1300, 1175, 1310, 1185, 1316, 1320, 1321, 1193, 1200, 1203, 1331, 1204, 1332, 1336, 1208, 1343, 1348, 1351, 1223, 1226, 1231, 1234, 1363, 1235]"
38,User38,"[768, 1153, 642, 1028, 1157, 772, 774, 892, 1034, 780, 781, 1039, 1040, 1169, 1042, 785, 657, 661, 786, 659, 788, 1050, 1051, 668, 795, 1054, 1183, 671, 673, 797]"
39,User39,"[256, 129, 273, 786, 275, 145, 278, 792, 793, 285, 799, 288, 163, 296, 297, 812, 180, 823, 184, 702, 705, 838, 203, 719, 211, 725, 729, 731, 862, 865]"
40,User40,"[512, 518, 522, 651, 652, 1037, 909, 908, 528, 913, 914, 917, 662, 539, 1055, 673, 930, 547, 548, 1061, 556, 1069, 940, 946, 566, 953, 570, 1083, 1082, 957]"
41,User41,"[1410, 1413, 1542, 1415, 1543, 1544, 1545, 903, 1422, 1428, 916, 1560, 1306, 1563, 1436, 922, 1310, 929, 1442, 1315, 1571, 1317, 1573, 930, 806, 805, 1451, 1452, 1453, 812]"
42,User42,"[1024, 1027, 1540, 1029, 1031, 1547, 1548, 1554, 1044, 1046, 1052, 1054, 1572, 1061, 1579, 1071, 1073, 1074, 1585, 1588, 1080, 1082, 1083, 1595, 1086, 1088, 1102, 1103, 1107, 1109]"
43,User43,"[6, 520, 525, 14, 535, 48, 49, 562, 565, 54, 568, 61, 579, 69, 582, 583, 581, 590, 598, 600, 602, 605, 99, 102, 618, 108, 111, 624, 113, 631]"
44,User44,"[129, 4, 1413, 136, 11, 142, 146, 1427, 1430, 1431, 25, 26, 154, 156, 1563, 1565, 1442, 1570, 1575, 40, 1576, 1577, 171, 174, 1584, 1458, 1587, 1459, 184, 1592]"
45,User45,"[384, 899, 264, 777, 780, 396, 786, 793, 797, 801, 289, 803, 293, 299, 812, 309, 314, 701, 319, 320, 321, 706, 834, 838, 327, 840, 201, 843, 716, 331]"
46,User46,"[514, 520, 542, 1073, 562, 569, 1083, 1084, 1087, 1088, 1094, 583, 1106, 1108, 1109, 1110, 601, 1115, 604, 605, 608, 1124, 613, 615, 618, 619, 621, 623, 627, 629]"
47,User47,"[1024, 641, 1025, 1028, 1031, 520, 522, 1035, 524, 526, 656, 529, 530, 402, 1043, 405, 533, 535, 536, 920, 1042, 540, 542, 672, 417, 546, 1056, 933, 1068, 559]"
48,User48,"[516, 525, 533, 542, 543, 544, 552, 553, 566, 570, 575, 588, 589, 591, 596, 600, 601, 603, 609, 615, 616, 635, 638, 643, 650, 667, 675, 680, 694, 696]"
49,User49,"[551, 557, 558, 560, 561, 567, 584, 585, 587, 588, 1108, 1119, 1124, 1137, 1141, 118, 119, 125, 1156, 142, 1176, 158, 1197, 177, 1202, 1205, 185, 186, 188, 192]"
50,User50,"[641, 771, 772, 133, 7, 775, 647, 10, 783, 784, 787, 662, 28, 158, 161, 675, 167, 42, 682, 46, 687, 688, 177, 179, 695, 185, 189, 192, 77, 85]"
51,User51,"[257, 1284, 1285, 132, 263, 1274, 1291, 1292, 1165, 1293, 1295, 138, 144, 142, 273, 1172, 140, 1303, 1179, 1308, 1309, 283, 1183, 1312, 1187, 1192, 1321, 168, 299, 1327]"
52,User52,"[1414, 390, 392, 1422, 1424, 400, 1430, 1305, 287, 289, 1314, 1444, 1316, 292, 1322, 1323, 1460, 1463, 311, 1466, 1472, 320, 1349, 1351, 202, 1483, 204, 337, 1362, 1363]"
53,User53,"[1153, 4, 517, 518, 1030, 520, 9, 11, 1038, 1167, 142, 144, 14, 1171, 406, 410, 1055, 417, 418, 547, 419, 1058, 1190, 423, 1064, 1193, 1062, 39, 1196, 429]"
54,User54,"[1282, 1283, 1154, 1030, 1287, 1163, 1166, 1168, 786, 1045, 1174, 1175, 794, 1023, 1052, 1309, 1180, 1181, 1182, 1314, 1187, 1058, 806, 1319, 1320, 1321, 1191, 1323, 1190, 813]"
55,User55,"[516, 261, 398, 399, 400, 531, 276, 278, 542, 416, 425, 297, 555, 559, 307, 564, 309, 317, 447, 578, 451, 322, 324, 203, 464, 465, 468, 470, 217, 218]"
56,User56,"[519, 520, 525, 529, 1042, 536, 1050, 1051, 540, 1053, 541, 542, 1057, 1073, 565, 1092, 580, 583, 1096, 585, 1110, 1114, 603, 1117, 1118, 1119, 606, 1121, 1125, 614]"
57,User57,"[897, 898, 1154, 1145, 1287, 1290, 781, 1165, 1170, 1172, 1046, 793, 1178, 797, 1181, 1183, 1184, 801, 1058, 800, 1065, 1195, 1197, 1070, 1202, 1206, 823, 1086, 832, 834]"
58,User58,"[129, 259, 260, 137, 638, 651, 652, 142, 270, 655, 530, 662, 279, 665, 154, 542, 672, 290, 163, 677, 167, 680, 554, 555, 685, 686, 563, 564, 188, 584]"
59,User59,"[514, 1029, 1541, 1031, 1034, 1041, 530, 1043, 532, 533, 1044, 1556, 1562, 1565, 1571, 551, 558, 1072, 564, 1077, 1084, 1085, 1600, 1089, 579, 586, 588, 590, 596, 706]"
60,User60,"[1539, 1284, 259, 260, 394, 1547, 1147, 1165, 396, 399, 1553, 275, 1173, 1558, 1560, 1176, 281, 1180, 1565, 1439, 1441, 1443, 1572, 1445, 1449, 1195, 299, 1453, 1584, 1200]"
61,User61,"[646, 648, 654, 527, 401, 530, 403, 662, 538, 1310, 543, 671, 1313, 549, 1318, 550, 426, 555, 556, 429, 302, 559, 686, 433, 684, 1203, 558, 311, 312, 1337]"
62,User62,"[769, 898, 899, 900, 650, 652, 527, 657, 786, 534, 666, 541, 798, 671, 672, 546, 675, 551, 810, 556, 685, 688, 696, 699, 575, 576, 577, 835, 839, 711]"
63,User63,"[1107, 1124, 1129, 1132, 109, 111, 1136, 1137, 1141, 1142, 119, 124, 1150, 128, 129, 1161, 137, 139, 141, 1166, 1175, 158, 1186, 169, 172, 1199, 180, 1209, 1211, 1212]"
64,User64,"[1024, 1026, 1032, 1034, 1043, 1046, 1052, 1055, 1070, 1076, 1087, 1093, 1096, 1099, 1108, 1116, 1126, 1127, 1148, 1156, 1157, 1163, 1185, 1194, 1199, 1203, 1209, 1210, 1211, 1216]"
65,User65,"[641, 644, 1285, 777, 1290, 778, 653, 781, 655, 784, 1299, 660, 668, 800, 679, 1321, 682, 684, 696, 1209, 1212, 1340, 710, 1225, 713, 1230, 1359, 1367, 728, 1371]"
66,User66,"[532, 535, 545, 551, 561, 566, 569, 588, 603, 1119, 1120, 1129, 1138, 627, 629, 636, 1156, 1160, 650, 1170, 658, 659, 1173, 671, 679, 682, 686, 690, 1204, 1205]"
67,User67,"[513, 515, 644, 645, 646, 519, 265, 523, 271, 656, 532, 665, 282, 287, 677, 294, 680, 297, 683, 302, 688, 689, 306, 695, 311, 571, 318, 579, 324, 204]"
68,User68,"[1, 130, 5, 7, 139, 14, 144, 401, 530, 146, 20, 21, 406, 30, 415, 551, 552, 40, 426, 39, 558, 174, 50, 180, 53, 569, 61, 446, 62, 577]"
69,User69,"[1536, 897, 1538, 1539, 132, 133, 131, 1420, 140, 143, 1555, 1556, 276, 1559, 1433, 1562, 292, 1576, 169, 810, 1579, 170, 171, 1582, 1455, 174, 1585, 173, 178, 827]"
70,User70,"[259, 391, 907, 268, 396, 909, 912, 913, 915, 917, 287, 930, 809, 298, 299, 812, 942, 821, 314, 316, 828, 830, 832, 324, 965, 331, 974, 335, 847, 338]"
71,User71,"[258, 394, 395, 1294, 272, 1276, 1305, 1309, 1311, 1316, 304, 1328, 1205, 313, 1339, 317, 1214, 319, 1343, 1348, 1349, 326, 1350, 1357, 206, 335, 208, 1359, 1234, 1232]"
72,User72,"[1154, 1155, 1273, 1286, 1287, 1288, 1161, 1294, 1297, 1298, 1305, 1183, 1186, 1324, 1204, 1335, 1211, 1213, 1214, 1219, 1348, 1221, 1220, 1224, 1230, 1361, 1362, 1106, 1364, 1243]"
73,User73,"[1536, 1544, 1545, 1551, 1558, 1576, 1587, 1590, 1591, 1595, 1599, 709, 711, 722, 726, 729, 732, 741, 744, 758, 764, 766, 775, 786, 787, 1303, 794, 800, 1314, 1322]"
74,User74,"[533, 543, 555, 562, 570, 574, 579, 582, 597, 600, 602, 610, 102, 103, 616, 618, 622, 112, 113, 115, 640, 641, 137, 653, 654, 659, 661, 665, 160, 685]"
75,User75,"[520, 523, 1552, 532, 1558, 1561, 544, 545, 548, 549, 552, 557, 1590, 1593, 1598, 584, 1101, 1108, 1109, 1131, 1136, 1139, 629, 630, 639, 640, 1156, 649, 653, 656]"
76,User76,"[128, 1285, 136, 1161, 1289, 264, 270, 273, 146, 1149, 150, 1176, 152, 282, 154, 1181, 157, 1184, 1185, 163, 293, 1190, 1194, 177, 179, 1209, 1211, 190, 1215, 1216]"
77,User77,"[1408, 1413, 780, 1426, 1427, 659, 1430, 662, 1433, 1311, 676, 1317, 1446, 1321, 1322, 687, 689, 695, 696, 1465, 1467, 1339, 699, 700, 1343, 1344, 1346, 1475, 1480, 1481]"
78,User78,"[899, 774, 1159, 1161, 1293, 1168, 1173, 795, 1187, 1189, 814, 1200, 818, 1210, 832, 833, 709, 1224, 1230, 1231, 722, 858, 1243, 731, 732, 1120, 864, 866, 739, 1253]"
79,User79,"[1536, 768, 1417, 778, 1548, 780, 652, 783, 1422, 1426, 1430, 1431, 1304, 666, 1435, 1564, 1565, 797, 795, 1440, 1309, 1570, 1316, 1445, 678, 1407, 1447, 682, 1580, 1582]"
80,User80,"[515, 526, 528, 532, 540, 552, 560, 566, 589, 596, 601, 608, 609, 613, 622, 651, 652, 659, 672, 673, 684, 690, 702, 707, 711, 720, 727, 742, 745, 748]"
81,User81,"[610, 612, 101, 106, 107, 115, 122, 127, 128, 639, 642, 644, 134, 654, 147, 659, 666, 161, 165, 169, 171, 687, 697, 700, 702, 194, 712, 201, 717, 208]"
82,User82,"[258, 261, 390, 391, 389, 393, 1417, 395, 268, 397, 279, 1303, 281, 1309, 1310, 1440, 417, 1446, 1319, 426, 302, 430, 1461, 1333, 311, 440, 441, 316, 1343, 320]"
83,User83,"[1034, 1035, 1044, 1046, 1058, 1064, 1066, 1069, 1072, 1078, 1079, 1083, 1088, 1095, 1097, 1098, 1105, 1120, 1126, 1141, 1143, 1151, 1179, 203, 205, 213, 217, 230, 244, 249]"
84,User84,"[107, 111, 113, 114, 123, 133, 138, 143, 158, 159, 165, 175, 180, 704, 710, 712, 201, 204, 210, 212, 220, 734, 737, 226, 739, 225, 229, 227, 236, 237]"
85,User85,"[1029, 1030, 1031, 1032, 1037, 1045, 1051, 1053, 1062, 1063, 1064, 1076, 1078, 1080, 1088, 1089, 1092, 1099, 1103, 1115, 1123, 1128, 1141, 1143, 1148, 1153, 1190, 1199, 1307, 1309]"
86,User86,"[771, 900, 644, 645, 651, 652, 787, 791, 663, 792, 666, 667, 793, 670, 674, 803, 678, 808, 680, 812, 685, 821, 695, 826, 700, 701, 702, 837, 710, 846]"
87,User87,"[2, 1028, 5, 1035, 21, 1046, 27, 1052, 32, 38, 40, 41, 42, 43, 1068, 1077, 1078, 58, 1084, 1085, 1088, 66, 72, 74, 1098, 78, 85, 90, 95, 124]"
88,User88,"[1282, 1283, 1413, 1541, 1543, 1416, 1544, 1546, 905, 1422, 910, 1552, 1426, 1558, 1563, 1435, 924, 926, 1573, 1317, 806, 938, 1323, 1581, 1325, 1327, 944, 948, 821, 822]"
89,User89,"[386, 260, 262, 520, 397, 398, 1301, 1302, 1433, 284, 413, 542, 543, 415, 288, 418, 290, 285, 1439, 1441, 1319, 1312, 425, 553, 299, 297, 557, 302, 1323, 1453]"
90,User90,"[513, 898, 769, 771, 1416, 520, 511, 1423, 767, 787, 405, 538, 539, 412, 1439, 1442, 805, 1320, 1321, 812, 558, 814, 433, 1458, 562, 1332, 1336, 569, 1468, 1469]"
91,User91,"[1033, 1043, 1051, 1052, 1053, 1054, 1058, 1059, 1075, 1091, 1102, 1107, 1108, 1125, 1137, 1150, 1162, 1163, 1164, 1165, 1166, 1169, 1180, 1191, 710, 719, 208, 732, 227, 229]"
92,User92,"[256, 128, 1539, 262, 135, 1416, 266, 144, 1426, 148, 1430, 279, 280, 285, 1566, 1437, 290, 1445, 1407, 1448, 297, 1449, 173, 1582, 1453, 1456, 177, 1458, 1589, 1594]"
93,User93,"[526, 528, 530, 541, 543, 550, 557, 558, 565, 570, 572, 589, 601, 602, 603, 607, 627, 636, 647, 651, 654, 661, 665, 671, 672, 679, 694, 699, 1304, 1305]"
94,User94,"[517, 518, 1541, 1031, 1546, 523, 1038, 1040, 529, 1555, 1045, 534, 1050, 539, 1564, 1563, 1566, 543, 1567, 551, 554, 558, 562, 563, 1590, 1078, 1082, 1093, 1094, 592]"
95,User95,"[643, 901, 650, 1035, 395, 652, 399, 657, 658, 660, 1045, 1047, 920, 410, 667, 799, 928, 417, 932, 933, 934, 1065, 426, 681, 685, 303, 688, 1073, 946, 1075]"
96,User96,"[1152, 1024, 1282, 1029, 1158, 902, 905, 1291, 1163, 1036, 910, 1298, 1300, 1046, 1048, 921, 1182, 926, 1054, 930, 1058, 1190, 1063, 945, 947, 1075, 948, 1206, 1213, 957]"
97,User97,"[515, 262, 518, 520, 393, 525, 272, 275, 543, 418, 426, 430, 307, 439, 440, 584, 329, 204, 588, 463, 464, 465, 594, 339, 599, 216, 471, 346, 219, 350]"
98,User98,"[1536, 1409, 1, 128, 770, 1541, 645, 778, 1419, 1548, 1421, 1420, 15, 780, 784, 1426, 655, 788, 1429, 150, 21, 665, 1562, 26, 1436, 154, 800, 673, 1570, 1442]"
99,User99,"[258, 260, 1158, 391, 1033, 1163, 269, 270, 1166, 1167, 1173, 1150, 283, 1052, 1054, 287, 1056, 1063, 1196, 301, 1071, 1072, 306, 309, 310, 1079, 1091, 325, 1096, 329]"
100,User100,"[512, 896, 642, 899, 645, 903, 521, 905, 907, 524, 911, 917, 677, 679, 808, 938, 685, 816, 949, 569, 956, 830, 576, 577, 832, 580, 837, 966, 840, 968]"
101,User101,"[9, 523, 527, 17, 538, 541, 30, 31, 546, 35, 548, 40, 555, 45, 46, 557, 52, 55, 77, 80, 593, 83, 91, 93, 607, 105, 620, 626, 115, 629]"
102,User102,"[523, 528, 536, 539, 547, 550, 551, 556, 558, 574, 575, 577, 584, 586, 592, 701, 718, 721, 732, 742, 748, 755, 768, 770, 777, 783, 794, 800, 802, 805]"
103,User103,"[896, 388, 646, 902, 779, 782, 271, 272, 270, 660, 661, 277, 793, 669, 927, 287, 802, 808, 299, 300, 942, 687, 943, 689, 821, 311, 824, 955, 957, 317]"
104,User104,"[896, 898, 516, 517, 529, 917, 406, 535, 920, 408, 926, 928, 545, 421, 555, 558, 431, 560, 433, 947, 823, 567, 569, 574, 575, 448, 577, 963, 836, 839]"
105,User105,"[768, 769, 643, 1156, 773, 774, 777, 1163, 1035, 779, 1167, 784, 1169, 1170, 783, 661, 1174, 670, 1055, 798, 1057, 672, 1059, 1190, 1192, 1068, 684, 1070, 691, 1077]"
106,User106,"[512, 769, 771, 900, 773, 1545, 779, 780, 401, 785, 532, 789, 1430, 534, 1432, 1562, 1570, 549, 421, 1447, 550, 1449, 1580, 428, 1454, 815, 1586, 1458, 564, 439]"
107,User107,"[512, 385, 515, 255, 390, 263, 391, 905, 527, 403, 404, 918, 920, 927, 545, 418, 290, 932, 805, 934, 810, 555, 940, 432, 561, 304, 436, 308, 820, 440]"
108,User108,"[3, 4, 9, 18, 23, 35, 44, 68, 74, 1111, 1115, 98, 1126, 103, 1139, 115, 1151, 1152, 1153, 1154, 130, 134, 136, 145, 1170, 1176, 152, 1181, 158, 162]"
109,User109,"[1, 17, 20, 23, 47, 63, 72, 73, 87, 88, 91, 94, 95, 96, 98, 612, 627, 629, 633, 129, 132, 136, 650, 146, 154, 671, 162, 163, 166, 685]"
110,User110,"[130, 260, 1029, 1413, 1541, 1412, 1035, 1163, 140, 1041, 1425, 147, 276, 149, 150, 1558, 280, 1428, 1185, 1057, 291, 1060, 1189, 165, 293, 1192, 1193, 298, 170, 300]"
111,User111,"[514, 524, 537, 545, 559, 561, 562, 565, 567, 575, 589, 592, 607, 611, 616, 620, 624, 631, 634, 636, 637, 648, 656, 658, 667, 678, 680, 696, 698, 704]"
112,User112,"[513, 517, 523, 1552, 530, 1557, 536, 1561, 1565, 548, 1573, 1574, 1576, 552, 1580, 564, 1596, 573, 579, 580, 581, 582, 586, 1108, 1115, 618, 1132, 624, 1139, 629]"
113,User113,"[1102, 1115, 604, 1120, 610, 613, 1126, 1127, 1128, 1131, 108, 1138, 115, 630, 1149, 1150, 1161, 137, 140, 1165, 654, 653, 1168, 655, 659, 662, 150, 1176, 1188, 164]"
114,User114,"[900, 1157, 902, 905, 1289, 907, 1293, 1294, 1170, 919, 1175, 1150, 924, 1180, 926, 1183, 1279, 932, 810, 943, 946, 949, 955, 836, 966, 838, 1225, 1101, 974, 975]"
115,User115,"[1544, 1545, 1546, 1556, 1577, 1580, 1585, 1590, 1599, 611, 621, 109, 120, 636, 640, 646, 659, 147, 663, 667, 156, 157, 670, 676, 171, 172, 685, 689, 178, 696]"
116,User116,"[1546, 1554, 1558, 1559, 1565, 1566, 1568, 1574, 1575, 1576, 1577, 1581, 1586, 1587, 1597, 602, 603, 606, 620, 622, 635, 646, 655, 659, 679, 687, 700, 1212, 703, 715]"
117,User117,"[514, 517, 520, 521, 526, 531, 533, 537, 543, 552, 554, 555, 556, 561, 563, 566, 570, 571, 573, 575, 577, 578, 579, 585, 586, 587, 602, 614, 619, 625]"
118,User118,"[1025, 1035, 1420, 1424, 1041, 1430, 925, 1437, 1439, 1058, 1446, 935, 1067, 1451, 944, 945, 1458, 1332, 949, 1462, 1464, 1081, 953, 1084, 1341, 1086, 958, 1088, 965, 1095]"
119,User119,"[521, 522, 524, 530, 544, 546, 547, 555, 559, 568, 574, 579, 1104, 1106, 1107, 1110, 1111, 1113, 1118, 607, 611, 612, 613, 1133, 622, 1146, 1155, 650, 654, 662]"
120,User120,"[513, 1018, 3, 522, 13, 1038, 1039, 16, 17, 1048, 1052, 540, 546, 1060, 553, 554, 555, 1068, 560, 50, 1075, 52, 53, 1078, 55, 575, 578, 1091, 579, 69]"
121,User121,"[256, 1153, 259, 1155, 1157, 1414, 1283, 1159, 137, 266, 265, 1418, 141, 1422, 271, 1424, 1166, 1428, 1432, 1176, 1306, 156, 1181, 291, 1315, 1188, 299, 171, 1200, 1329]"
122,User122,"[1102, 1106, 1107, 613, 623, 1136, 1138, 626, 117, 122, 123, 1147, 1150, 1152, 642, 1155, 645, 1162, 1163, 656, 1170, 1179, 1182, 1184, 675, 682, 1196, 176, 688, 179]"
123,User123,"[1, 4, 25, 27, 29, 32, 37, 40, 44, 51, 58, 60, 61, 65, 83, 85, 101, 102, 104, 109, 113, 114, 121, 123, 125, 126, 127, 133, 137, 141]"
124,User124,"[1411, 515, 1285, 1415, 647, 1161, 1290, 1162, 652, 1294, 1295, 1424, 655, 1300, 1429, 664, 1433, 1434, 1179, 1308, 669, 668, 1312, 546, 1315, 679, 1193, 1322, 1323, 557]"
125,User125,"[609, 611, 612, 630, 631, 641, 644, 646, 647, 649, 656, 660, 685, 687, 692, 1208, 1213, 1214, 1216, 1217, 1220, 717, 718, 1230, 1229, 1236, 735, 736, 737, 1256]"
126,User126,"[512, 519, 13, 538, 27, 32, 34, 39, 49, 61, 575, 577, 66, 579, 67, 76, 590, 81, 596, 84, 95, 611, 101, 104, 120, 643, 645, 140, 141, 143]"
127,User127,"[513, 6, 519, 8, 528, 538, 542, 31, 547, 35, 38, 552, 47, 52, 565, 54, 72, 74, 95, 103, 115, 118, 126, 127, 141, 149, 160, 161, 162, 167]"
128,User128,"[896, 897, 900, 388, 392, 396, 795, 802, 419, 873, 426, 937, 812, 813, 432, 434, 819, 820, 948, 440, 825, 826, 444, 828, 832, 833, 963, 325, 453, 711]"
129,User129,"[1280, 1154, 1283, 1155, 389, 1286, 393, 1163, 397, 1165, 1295, 1167, 402, 403, 1170, 1180, 1183, 1186, 1190, 425, 1194, 302, 306, 438, 1207, 440, 313, 315, 444, 445]"
130,User130,"[388, 390, 392, 10, 395, 141, 399, 400, 17, 19, 28, 298, 42, 173, 48, 178, 182, 183, 312, 56, 314, 319, 72, 74, 333, 206, 79, 208, 345, 218]"
131,User131,"[516, 522, 523, 527, 530, 403, 404, 534, 669, 542, 543, 417, 675, 420, 421, 679, 554, 556, 559, 688, 689, 565, 567, 570, 574, 578, 587, 590, 594, 597]"
132,User132,"[1539, 1542, 1547, 18, 19, 1559, 26, 1564, 30, 1567, 35, 1574, 1578, 47, 1587, 53, 1592, 61, 62, 1600, 67, 73, 77, 101, 107, 111, 117, 118, 121, 122]"
133,User133,"[1155, 1156, 1284, 1029, 1030, 1033, 1290, 1038, 1170, 1173, 1178, 1180, 1052, 1181, 1056, 1186, 1064, 1195, 1068, 1199, 1204, 1082, 1087, 1219, 1091, 1222, 1105, 1106, 1110, 1111]"
134,User134,"[640, 1537, 514, 643, 1412, 1145, 1156, 1543, 647, 521, 1418, 648, 524, 1034, 1038, 1167, 1168, 1021, 1555, 661, 1046, 535, 1149, 1049, 669, 1566, 1442, 548, 549, 1188]"
135,User135,"[515, 521, 532, 539, 541, 553, 554, 555, 559, 560, 561, 569, 573, 587, 588, 590, 596, 598, 600, 602, 604, 607, 106, 107, 621, 113, 116, 119, 120, 122]"
136,User136,"[641, 257, 130, 388, 773, 646, 645, 262, 261, 133, 266, 268, 653, 782, 783, 143, 394, 659, 149, 277, 664, 669, 161, 289, 163, 293, 389, 681, 299, 300]"
137,User137,"[257, 386, 900, 261, 262, 263, 392, 269, 271, 918, 335, 923, 928, 811, 939, 813, 301, 944, 310, 311, 952, 826, 827, 956, 320, 963, 326, 967, 840, 842]"
138,User138,"[1158, 1159, 1290, 1274, 268, 139, 1166, 266, 277, 1174, 1177, 283, 1187, 1190, 296, 297, 300, 178, 182, 1214, 192, 1225, 201, 204, 1107, 1109, 214, 216, 1242, 218]"
139,User139,"[1282, 1028, 1158, 1032, 905, 1035, 907, 911, 1174, 918, 1049, 1308, 1184, 928, 1186, 1059, 1188, 932, 1318, 1063, 1062, 1321, 1324, 941, 1070, 1071, 1072, 1073, 1075, 1332]"
140,User140,"[13, 14, 21, 534, 25, 28, 31, 549, 37, 42, 45, 564, 60, 62, 579, 73, 76, 592, 596, 601, 606, 94, 611, 100, 99, 618, 619, 622, 111, 112]"
141,User141,"[636, 384, 130, 637, 390, 264, 765, 394, 268, 270, 783, 146, 275, 789, 662, 667, 796, 669, 285, 168, 169, 298, 300, 686, 303, 304, 177, 690, 306, 695]"
142,User142,"[256, 385, 261, 262, 383, 133, 264, 135, 523, 525, 272, 274, 148, 150, 279, 280, 409, 537, 538, 411, 282, 287, 420, 551, 168, 553, 428, 556, 561, 180]"
143,User143,"[1408, 1537, 1412, 1414, 1543, 1419, 1423, 1425, 1565, 1310, 1439, 1309, 1569, 1312, 1316, 1444, 1446, 1447, 1448, 1320, 1323, 1581, 1328, 1586, 1459, 1461, 1464, 1336, 1466, 1339]"
144,User144,"[513, 1411, 519, 1418, 524, 525, 1421, 1420, 1424, 1428, 1433, 1564, 541, 1575, 424, 1579, 559, 560, 433, 1585, 435, 563, 1458, 438, 1467, 444, 1597, 1596, 1599, 453]"
145,User145,"[640, 513, 514, 641, 516, 769, 646, 518, 764, 649, 522, 650, 527, 655, 531, 660, 535, 664, 408, 666, 667, 795, 669, 547, 548, 421, 680, 427, 556, 685]"
146,User146,"[1283, 1414, 1420, 1168, 1170, 1172, 1173, 1430, 1432, 1180, 1436, 1439, 1315, 1318, 1457, 1332, 1463, 1208, 1470, 1215, 1216, 1474, 1220, 1356, 1103, 1237, 1238, 1494, 1493, 1498]"
147,User147,"[1408, 128, 1410, 131, 132, 1413, 134, 642, 1416, 521, 648, 139, 511, 653, 142, 1423, 1554, 146, 660, 1429, 149, 280, 1561, 538, 285, 157, 287, 669, 673, 546]"
148,User148,"[896, 1409, 3, 1411, 891, 13, 910, 919, 1434, 1308, 157, 1437, 1311, 928, 161, 1441, 35, 164, 165, 803, 167, 1447, 809, 938, 172, 940, 46, 47, 941, 1457]"
149,User149,"[515, 528, 541, 544, 549, 572, 581, 594, 601, 607, 609, 610, 611, 614, 617, 105, 619, 109, 111, 114, 627, 115, 629, 118, 120, 633, 122, 636, 643, 135]"
150,User150,"[1281, 1033, 1290, 1035, 1292, 913, 1043, 1300, 1053, 1312, 1058, 802, 932, 1061, 935, 808, 1319, 940, 944, 945, 819, 947, 949, 1332, 951, 952, 1336, 955, 1212, 960]"
151,User151,"[896, 385, 386, 897, 263, 392, 394, 907, 269, 399, 273, 915, 917, 407, 844, 410, 413, 926, 296, 297, 975, 299, 943, 310, 439, 950, 313, 314, 441, 828]"
152,User152,"[262, 136, 1295, 1298, 147, 150, 282, 157, 285, 1316, 164, 1320, 168, 298, 1326, 175, 1202, 180, 183, 1210, 1211, 189, 192, 194, 1221, 1222, 197, 1359, 208, 207]"
153,User153,"[7, 13, 1422, 1551, 1423, 1424, 18, 1427, 1561, 1434, 25, 1437, 158, 1441, 33, 1571, 1444, 38, 39, 1576, 41, 1578, 1451, 167, 1582, 175, 53, 1590, 1463, 1592]"
154,User154,"[899, 1284, 1160, 1162, 1037, 1294, 1295, 1166, 1043, 1306, 1051, 1023, 922, 923, 1311, 1316, 932, 1062, 1319, 1320, 1065, 807, 1067, 1324, 1196, 1068, 936, 1074, 1078, 1079]"
155,User155,"[1027, 1030, 1034, 1036, 1039, 1041, 1044, 1047, 537, 539, 1058, 551, 557, 559, 561, 564, 566, 1080, 1082, 572, 575, 583, 584, 585, 599, 104, 116, 117, 124, 131]"
156,User156,"[897, 903, 1032, 775, 778, 1035, 776, 909, 910, 782, 1043, 1044, 1046, 1050, 795, 924, 799, 1058, 803, 1063, 940, 1071, 818, 822, 956, 701, 828, 702, 711, 1097]"
157,User157,"[1027, 1034, 1043, 1046, 1049, 1058, 1076, 1078, 1085, 1098, 1119, 104, 1129, 105, 1136, 112, 1143, 1146, 123, 1159, 136, 1162, 143, 145, 146, 1173, 1180, 162, 1187, 1188]"
158,User158,"[1287, 1288, 1289, 395, 402, 1298, 408, 1304, 1306, 1319, 425, 1321, 428, 430, 1326, 432, 1201, 1203, 310, 439, 311, 442, 443, 314, 315, 451, 324, 1351, 328, 457]"
159,User159,"[513, 516, 520, 1037, 1038, 1039, 1045, 534, 536, 1056, 546, 548, 561, 565, 566, 1081, 1089, 579, 582, 1096, 584, 585, 1100, 593, 595, 600, 809, 831, 841, 846]"
160,User160,"[257, 1153, 898, 1288, 268, 143, 1168, 914, 1300, 1174, 1175, 918, 922, 285, 157, 928, 161, 1189, 1193, 813, 175, 943, 177, 947, 821, 824, 953, 826, 827, 192]"
161,User161,"[386, 402, 916, 918, 407, 919, 804, 934, 808, 939, 811, 813, 943, 304, 305, 946, 436, 438, 311, 321, 322, 451, 324, 836, 973, 974, 335, 339, 855, 473]"
162,User162,"[519, 523, 524, 535, 536, 556, 561, 583, 586, 589, 598, 603, 606, 611, 612, 622, 625, 634, 651, 669, 674, 680, 684, 691, 1206, 1208, 696, 1211, 702, 716]"
163,User163,"[512, 514, 525, 533, 537, 547, 553, 555, 568, 580, 582, 586, 593, 594, 599, 608, 609, 615, 630, 633, 634, 639, 641, 659, 665, 687, 1303, 1309, 1318, 1332]"
164,User164,"[898, 1541, 1420, 1548, 909, 1553, 1426, 1555, 1565, 927, 802, 932, 1573, 1446, 805, 808, 938, 811, 812, 814, 1457, 817, 947, 824, 827, 1474, 963, 1478, 966, 1480]"
165,User165,"[1542, 1547, 523, 528, 1566, 1568, 1569, 546, 549, 1581, 1585, 565, 568, 1593, 1595, 572, 571, 574, 587, 591, 592, 593, 628, 631, 638, 640, 644, 657, 662, 666]"
166,User166,"[1025, 1030, 1032, 1528, 1548, 1553, 1555, 1057, 1578, 1579, 1068, 1582, 1072, 1585, 1074, 1075, 1076, 1589, 1087, 1091, 1093, 1101, 1103, 1108, 1111, 1112, 1115, 1128, 1133, 1140]"
167,User167,"[1541, 1544, 1568, 1579, 1600, 1111, 602, 1116, 1122, 1128, 1131, 621, 626, 1139, 1148, 643, 644, 647, 648, 1161, 1162, 1167, 1173, 1175, 1177, 674, 1186, 1188, 679, 680]"
168,User168,"[514, 515, 517, 518, 519, 520, 521, 7, 528, 535, 23, 537, 26, 536, 543, 32, 546, 547, 549, 556, 47, 51, 566, 570, 60, 580, 585, 75, 77, 592]"
169,User169,"[521, 1034, 1040, 530, 531, 1044, 1052, 540, 1057, 1058, 552, 1066, 555, 561, 1089, 1090, 1091, 578, 581, 583, 585, 1099, 1100, 589, 607, 609, 612, 617, 634, 635]"
170,User170,"[898, 773, 1291, 784, 789, 1303, 1308, 799, 800, 1313, 1314, 1322, 1209, 1339, 702, 1221, 710, 839, 840, 715, 717, 1229, 1359, 853, 1242, 1375, 867, 1381, 872, 1261]"
171,User171,"[1108, 1112, 1121, 610, 611, 1122, 614, 622, 623, 631, 639, 640, 1152, 642, 1155, 645, 646, 650, 1177, 1179, 1180, 669, 672, 683, 690, 1204, 696, 698, 702, 1216]"
172,User172,"[1026, 1028, 1031, 530, 534, 543, 1058, 554, 1066, 559, 1075, 1085, 578, 587, 1099, 1110, 1115, 1119, 1124, 1141, 1165, 1170, 1185, 1192, 1196, 1311, 801, 1317, 806, 809]"
173,User173,"[1025, 515, 1033, 1037, 909, 1039, 1038, 915, 533, 407, 1049, 1053, 542, 415, 929, 1058, 419, 548, 549, 934, 1063, 546, 1065, 1066, 1067, 556, 554, 432, 561, 1074]"
174,User174,"[1154, 131, 1029, 6, 8, 1162, 1035, 1165, 16, 145, 1170, 1042, 144, 1177, 26, 158, 1151, 1183, 32, 160, 1060, 1194, 172, 173, 1072, 48, 177, 179, 182, 1079]"
175,User175,"[1408, 1409, 1281, 1284, 1286, 1417, 1291, 1550, 1297, 1427, 1559, 1560, 1563, 1568, 1441, 1314, 1315, 1323, 1586, 1461, 1592, 1465, 1595, 1213, 1214, 1473, 1349, 1478, 1350, 1223]"
176,User176,"[533, 548, 550, 563, 572, 574, 582, 587, 1101, 590, 591, 598, 1111, 600, 601, 602, 605, 1118, 609, 614, 615, 624, 1137, 626, 637, 1150, 1157, 654, 659, 1174]"
177,User177,"[1280, 1281, 1154, 1155, 1283, 1400, 1158, 392, 1274, 267, 395, 1293, 1296, 274, 277, 279, 1176, 1303, 283, 1188, 1318, 1193, 1194, 1323, 300, 301, 1205, 1206, 1337, 1209]"
178,User178,"[1546, 1558, 1559, 1576, 1577, 1580, 1583, 1586, 611, 615, 621, 623, 624, 634, 636, 648, 659, 669, 671, 674, 681, 688, 1201, 1206, 1208, 696, 697, 704, 1217, 705]"
179,User179,"[1281, 1154, 1155, 1025, 773, 770, 776, 1035, 1292, 1293, 913, 914, 1176, 921, 1178, 665, 1052, 925, 1278, 1183, 669, 1185, 930, 931, 675, 1189, 1191, 683, 1196, 685]"
180,User180,"[513, 515, 908, 525, 909, 527, 911, 403, 532, 915, 408, 665, 539, 414, 416, 928, 419, 420, 678, 809, 682, 938, 812, 302, 430, 304, 561, 433, 563, 692]"
181,User181,"[1040, 1046, 1069, 1077, 1084, 101, 122, 126, 131, 148, 151, 156, 191, 194, 219, 232, 238, 240, 242, 244, 245, 246, 257, 263, 264, 266, 278, 1309, 298, 304]"
182,User182,"[1, 18, 19, 35, 36, 47, 51, 61, 64, 69, 72, 80, 87, 604, 93, 607, 97, 616, 110, 112, 113, 627, 117, 118, 629, 633, 123, 637, 127, 128]"
183,User183,"[13, 15, 32, 33, 46, 52, 54, 60, 68, 72, 80, 92, 96, 98, 112, 114, 120, 125, 150, 153, 158, 177, 179, 1204, 1205, 1209, 186, 188, 702, 192]"
184,User184,"[906, 1038, 1044, 404, 409, 413, 928, 933, 939, 1067, 301, 1070, 430, 1072, 307, 312, 1084, 957, 317, 1087, 318, 1089, 1091, 451, 326, 455, 457, 331, 983, 472]"
185,User185,"[1026, 770, 646, 1032, 905, 650, 648, 1036, 1040, 791, 664, 800, 675, 691, 948, 692, 951, 696, 953, 700, 701, 961, 1091, 708, 965, 707, 711, 1097, 1100, 724]"
186,User186,"[769, 772, 778, 783, 911, 786, 915, 917, 925, 800, 801, 808, 936, 813, 817, 945, 819, 820, 821, 951, 825, 953, 955, 701, 829, 830, 832, 957, 962, 837]"
187,User187,"[636, 1409, 1538, 642, 1412, 644, 637, 1416, 136, 1546, 649, 1423, 145, 273, 279, 154, 1564, 1437, 157, 1568, 1533, 673, 163, 1446, 168, 681, 1450, 680, 1454, 1455]"
188,User188,"[898, 1411, 514, 517, 518, 523, 1427, 1302, 408, 1433, 411, 1312, 801, 417, 1316, 934, 425, 429, 1326, 815, 816, 944, 1458, 435, 820, 558, 1462, 567, 826, 1466]"
189,User189,"[385, 257, 260, 389, 262, 265, 394, 267, 145, 275, 406, 407, 278, 150, 156, 157, 287, 418, 163, 162, 172, 303, 304, 305, 434, 307, 432, 437, 440, 187]"
190,User190,"[515, 546, 550, 567, 592, 594, 599, 701, 707, 203, 216, 223, 739, 237, 753, 760, 771, 773, 263, 778, 779, 273, 797, 1315, 292, 804, 805, 1319, 296, 295]"
191,User191,"[259, 4, 133, 391, 7, 10, 11, 139, 397, 399, 20, 149, 150, 281, 36, 39, 298, 313, 58, 57, 61, 323, 325, 329, 333, 77, 335, 93, 222, 351]"
192,User192,"[2, 11, 16, 27, 39, 42, 44, 46, 64, 81, 82, 86, 603, 92, 606, 613, 614, 106, 109, 624, 627, 116, 118, 124, 130, 131, 644, 134, 142, 145]"
193,User193,"[640, 641, 1538, 1540, 6, 1543, 9, 1548, 667, 1554, 147, 665, 791, 664, 793, 1434, 155, 26, 1565, 1566, 1439, 32, 1441, 158, 163, 1572, 157, 1446, 159, 168]"
194,User194,"[1026, 1027, 1158, 903, 905, 1034, 1035, 1020, 909, 1038, 1039, 918, 1175, 1049, 1051, 924, 1052, 1188, 805, 933, 1062, 1064, 937, 1066, 1195, 940, 936, 1063, 816, 944]"
195,User195,"[770, 1027, 903, 905, 1033, 907, 908, 777, 779, 1040, 913, 1043, 916, 788, 920, 799, 928, 1062, 943, 1073, 1074, 823, 824, 1090, 963, 1091, 706, 838, 710, 969]"
196,User196,"[896, 1152, 1025, 900, 1029, 903, 904, 1033, 1019, 1159, 1036, 912, 913, 1041, 1042, 918, 1047, 1048, 1175, 923, 1053, 1181, 1055, 807, 936, 809, 1193, 811, 812, 939]"
197,User197,"[513, 514, 1036, 530, 1042, 535, 536, 1054, 1055, 553, 554, 555, 565, 1078, 1084, 576, 1091, 581, 584, 593, 601, 615, 616, 619, 630, 643, 658, 668, 686, 701]"
198,User198,"[1029, 1030, 1032, 522, 539, 1053, 542, 1061, 1063, 556, 1069, 564, 1077, 1087, 1090, 1091, 1100, 594, 595, 598, 599, 1116, 1118, 1142, 1151, 1157, 1161, 1162, 1168, 1170]"
199,User199,"[1543, 1546, 1549, 1550, 1553, 1560, 1561, 1564, 1576, 1581, 1597, 1600, 1106, 1115, 1121, 1124, 1129, 1138, 1142, 1145, 1157, 1171, 1172, 1182, 1187, 1188, 1190, 1192, 1204, 1208]"
200,User200,"[897, 3, 4, 132, 904, 905, 138, 142, 14, 913, 914, 22, 919, 29, 926, 930, 166, 171, 46, 816, 947, 822, 823, 953, 187, 63, 831, 66, 964, 199]"
201,User201,"[514, 515, 518, 524, 525, 533, 534, 539, 541, 553, 555, 557, 577, 579, 585, 588, 590, 594, 596, 597, 609, 612, 616, 618, 623, 625, 634, 646, 652, 654]"
202,User202,"[643, 1028, 1027, 517, 648, 521, 520, 655, 912, 915, 532, 917, 1022, 1046, 928, 417, 545, 549, 423, 680, 1065, 682, 554, 1070, 430, 560, 689, 561, 946, 1076]"
203,User203,"[896, 393, 906, 907, 397, 910, 915, 405, 917, 408, 928, 417, 805, 813, 305, 306, 440, 317, 830, 836, 454, 966, 333, 461, 463, 849, 466, 339, 468, 342]"
204,User204,"[1281, 1283, 1414, 1418, 1290, 1423, 1436, 1310, 1313, 1446, 1318, 1320, 1323, 1452, 1453, 1455, 1328, 1331, 1204, 1463, 1208, 1338, 1467, 1342, 1471, 1345, 1346, 1219, 1350, 1484]"
205,User205,"[1408, 1536, 1283, 1527, 902, 1543, 904, 1546, 1292, 1553, 1042, 1555, 1554, 1427, 1047, 922, 925, 926, 927, 1312, 1056, 930, 931, 1441, 1573, 1062, 1070, 1071, 1330, 947]"
206,User206,"[898, 891, 900, 1027, 774, 903, 780, 1037, 910, 912, 785, 914, 894, 1041, 1045, 1046, 920, 923, 796, 925, 801, 1059, 804, 933, 934, 936, 938, 1066, 813, 814]"
207,User207,"[256, 257, 645, 647, 520, 519, 651, 652, 270, 658, 275, 281, 540, 542, 288, 674, 293, 549, 297, 553, 686, 559, 306, 562, 693, 568, 570, 571, 698, 319]"
208,User208,"[128, 1, 132, 6, 9, 139, 908, 910, 15, 16, 17, 917, 150, 920, 921, 152, 154, 156, 162, 36, 936, 810, 43, 813, 816, 944, 51, 949, 185, 826]"
209,User209,"[1024, 514, 1028, 518, 1035, 531, 537, 538, 1059, 1065, 1070, 578, 1090, 581, 1093, 1096, 612, 613, 620, 622, 632, 640, 642, 130, 133, 647, 136, 660, 661, 158]"
210,User210,"[1024, 1025, 517, 1029, 14, 532, 23, 1048, 1052, 36, 1061, 550, 45, 559, 47, 1073, 48, 565, 1077, 1079, 56, 576, 1091, 583, 585, 589, 1107, 86, 87, 1130]"
211,User211,"[1536, 1026, 1027, 1540, 1036, 1043, 1559, 1562, 1565, 1053, 1056, 1058, 1571, 1061, 1576, 1586, 1080, 1595, 1598, 1092, 602, 620, 622, 628, 660, 667, 679, 685, 687, 690]"
212,User212,"[1032, 1042, 1045, 1053, 1059, 1071, 1085, 1089, 1093, 1094, 1100, 108, 115, 120, 130, 132, 151, 161, 182, 189, 191, 197, 207, 209, 216, 218, 227, 228, 230, 239]"
213,User213,"[1418, 526, 1425, 530, 403, 1557, 406, 537, 1561, 1438, 544, 545, 547, 420, 422, 551, 424, 426, 1581, 1585, 1459, 564, 436, 566, 438, 1462, 1464, 442, 1470, 452]"
214,User214,"[516, 1284, 1286, 527, 407, 409, 538, 411, 1307, 549, 422, 551, 423, 427, 557, 1325, 560, 438, 440, 441, 442, 572, 447, 576, 1216, 451, 584, 1232, 1360, 1233]"
215,User215,"[1024, 514, 515, 1030, 1035, 1036, 525, 526, 536, 543, 544, 1061, 551, 1064, 1063, 1068, 1076, 566, 1078, 575, 584, 1098, 592, 596, 607, 611, 615, 617, 621, 624]"
216,User216,"[516, 517, 523, 524, 511, 1043, 1044, 534, 1056, 558, 567, 568, 1085, 574, 582, 1097, 593, 1109, 1113, 1118, 1120, 1126, 1127, 1128, 1133, 1134, 1142, 1152, 1167, 1168]"
217,User217,"[641, 515, 516, 891, 901, 519, 905, 906, 526, 527, 659, 533, 666, 538, 925, 670, 544, 673, 546, 801, 805, 934, 935, 811, 941, 562, 692, 569, 956, 828]"
218,User218,"[1025, 1032, 1036, 1043, 1046, 1054, 1065, 1074, 1080, 1084, 1111, 1117, 1118, 1126, 1131, 1134, 1135, 1141, 120, 126, 129, 1164, 146, 1175, 1181, 158, 159, 160, 1185, 162]"
219,User219,"[1536, 1029, 1032, 1545, 1551, 1425, 1555, 1428, 1045, 918, 1046, 1559, 1051, 925, 927, 928, 1569, 1440, 932, 1061, 1577, 1066, 1580, 941, 1581, 1583, 1074, 1077, 1080, 1464]"
220,User220,"[1024, 384, 1026, 382, 4, 1028, 1029, 10, 138, 12, 140, 14, 395, 1040, 17, 399, 400, 1172, 1048, 1179, 28, 1180, 33, 1185, 1187, 165, 38, 1062, 1197, 1069]"
221,User221,"[609, 103, 623, 112, 640, 643, 646, 140, 654, 656, 144, 145, 659, 147, 151, 664, 153, 155, 156, 166, 177, 182, 700, 195, 708, 710, 711, 207, 213, 214]"
222,User222,"[512, 513, 518, 526, 544, 552, 570, 571, 577, 581, 589, 590, 1107, 598, 1113, 1116, 605, 608, 610, 1134, 1143, 1147, 1149, 1150, 637, 1154, 646, 649, 1161, 1162]"
223,User223,"[1102, 1104, 1140, 1147, 1159, 1168, 1182, 1186, 1191, 1192, 1195, 1199, 1201, 710, 1232, 721, 722, 1239, 727, 729, 737, 1250, 738, 751, 752, 1279, 1292, 1295, 1296, 1297]"
224,User224,"[902, 907, 398, 399, 912, 400, 1297, 403, 1302, 1304, 1305, 925, 413, 1310, 929, 802, 804, 421, 938, 304, 434, 1202, 824, 826, 442, 317, 830, 1213, 832, 321]"
225,User225,"[640, 512, 513, 643, 644, 771, 653, 655, 894, 787, 788, 661, 533, 791, 663, 792, 665, 667, 668, 795, 794, 799, 673, 546, 677, 805, 682, 556, 557, 687]"
226,User226,"[769, 516, 518, 653, 655, 659, 1428, 794, 539, 667, 1438, 670, 1312, 1313, 546, 547, 1444, 1445, 1317, 678, 679, 1449, 1322, 553, 683, 684, 1329, 1458, 691, 693]"
227,User227,"[128, 386, 387, 134, 393, 140, 397, 14, 400, 153, 154, 409, 160, 163, 420, 37, 422, 167, 172, 45, 431, 53, 438, 55, 56, 58, 446, 193, 66, 196]"
228,User228,"[607, 611, 613, 615, 107, 620, 621, 113, 118, 631, 124, 131, 135, 658, 663, 164, 681, 683, 175, 177, 691, 692, 1207, 697, 1210, 1211, 700, 1209, 702, 704]"
229,User229,"[897, 1410, 1539, 1540, 1282, 1288, 1545, 765, 777, 1290, 1421, 1299, 1428, 1560, 1277, 1563, 795, 1437, 1311, 1441, 802, 804, 1575, 810, 1583, 816, 817, 1458, 1206, 1463]"
230,User230,"[896, 1152, 898, 901, 902, 1157, 1158, 1161, 1037, 1039, 1167, 914, 1171, 916, 1042, 1175, 922, 1178, 1023, 1054, 809, 938, 1194, 1195, 813, 816, 945, 1073, 950, 951]"
231,User231,"[8, 522, 18, 536, 26, 538, 541, 549, 557, 47, 560, 51, 581, 81, 596, 86, 600, 96, 609, 611, 613, 614, 106, 107, 628, 124, 638, 643, 645, 139]"
232,User232,"[259, 1414, 265, 266, 267, 1551, 1424, 1426, 277, 1558, 1432, 280, 1567, 1439, 288, 1570, 291, 1444, 1573, 1574, 293, 1576, 165, 292, 1451, 300, 1581, 298, 1458, 1586]"
233,User233,"[513, 641, 1282, 1284, 1287, 522, 1296, 657, 660, 537, 666, 1308, 541, 542, 672, 545, 673, 547, 548, 684, 693, 694, 567, 698, 1341, 1343, 1218, 1219, 1222, 1351]"
234,User234,"[528, 1552, 536, 1564, 1567, 1572, 551, 552, 553, 556, 1583, 1588, 565, 572, 1598, 582, 586, 1105, 597, 1118, 1153, 1156, 1157, 1163, 1166, 1172, 1192, 1193, 1195, 1201]"
235,User235,"[1280, 643, 388, 777, 651, 783, 658, 407, 411, 412, 1307, 671, 1312, 419, 680, 682, 427, 683, 429, 304, 689, 1201, 435, 1204, 693, 310, 1333, 1336, 441, 1337]"
236,User236,"[896, 642, 1544, 777, 1546, 778, 780, 766, 1423, 1424, 1425, 784, 659, 787, 1432, 793, 1562, 795, 796, 794, 800, 1569, 1442, 1570, 806, 1447, 814, 816, 1459, 1468]"
237,User237,"[385, 387, 643, 773, 650, 268, 781, 271, 403, 276, 404, 790, 282, 285, 542, 671, 669, 676, 677, 550, 424, 556, 560, 437, 568, 447, 704, 705, 451, 324]"
238,User238,"[1411, 1414, 903, 1546, 1420, 1422, 1554, 914, 1562, 922, 924, 1438, 1440, 801, 1571, 1451, 1452, 1579, 1582, 941, 815, 817, 946, 948, 1589, 1590, 1462, 824, 1465, 1595]"
239,User239,"[513, 1028, 1034, 530, 1046, 1052, 544, 554, 557, 562, 1082, 572, 574, 582, 1098, 587, 1102, 594, 595, 1123, 1125, 1143, 1145, 1148, 1150, 1172, 1177, 1180, 1181, 1185]"
240,User240,"[1536, 1415, 1416, 1417, 1545, 1418, 523, 1421, 525, 528, 402, 1427, 404, 1429, 1431, 407, 1433, 1434, 1435, 1308, 1565, 540, 544, 1441, 1442, 418, 548, 1317, 1318, 423]"
241,User241,"[1025, 1027, 1029, 391, 394, 1034, 396, 1036, 1164, 911, 1167, 918, 407, 1048, 1050, 1051, 1178, 1052, 1150, 1055, 1183, 930, 419, 931, 1060, 1058, 937, 427, 940, 1068]"
242,User242,"[1540, 10, 1550, 1039, 16, 1557, 1045, 25, 1050, 27, 1049, 29, 30, 1565, 1567, 1056, 1067, 45, 1071, 1588, 1076, 66, 1091, 1093, 1100, 1103, 80, 83, 1107, 85]"
243,User243,"[258, 260, 902, 264, 267, 1037, 912, 913, 1042, 273, 1044, 917, 919, 1058, 933, 1061, 295, 297, 300, 1070, 1072, 307, 310, 1079, 313, 1085, 958, 962, 963, 1098]"
244,User244,"[703, 706, 712, 204, 718, 208, 740, 744, 233, 747, 749, 246, 764, 771, 271, 1303, 794, 796, 284, 1312, 289, 806, 1328, 817, 818, 308, 1333, 823, 314, 831]"
245,User245,"[1542, 1544, 525, 527, 1551, 1552, 530, 1562, 545, 547, 1585, 569, 1595, 573, 1600, 577, 580, 582, 588, 597, 598, 202, 205, 214, 216, 227, 257, 279, 280, 286]"
246,User246,"[515, 527, 529, 542, 550, 557, 562, 570, 572, 576, 583, 588, 591, 601, 605, 618, 624, 627, 630, 634, 635, 642, 646, 659, 660, 661, 662, 669, 676, 680]"
247,User247,"[1025, 514, 1028, 518, 1033, 1038, 1039, 1044, 532, 535, 546, 547, 1060, 1063, 552, 553, 554, 560, 1077, 1084, 577, 586, 1099, 1100, 1102, 1103, 1105, 594, 1107, 1109]"
248,User248,"[1024, 1153, 1028, 1285, 1030, 1287, 903, 905, 906, 907, 1035, 1163, 1038, 1039, 1160, 1297, 1037, 915, 1047, 919, 1051, 1052, 1053, 1054, 1181, 1056, 930, 931, 1317, 1061]"
249,User249,"[1539, 1156, 1155, 1542, 1287, 1418, 1419, 1547, 1546, 1550, 1423, 1163, 1292, 1168, 1171, 1558, 1183, 1186, 1443, 1445, 1446, 1193, 1584, 1585, 1458, 1208, 1469, 1214, 1472, 1217]"
250,User250,"[128, 3, 261, 134, 143, 912, 146, 915, 916, 917, 150, 278, 154, 283, 28, 285, 286, 927, 928, 159, 289, 160, 32, 37, 806, 295, 165, 169, 43, 171]"
251,User251,"[1024, 515, 1031, 1033, 523, 12, 1051, 540, 32, 1059, 547, 36, 1063, 1069, 48, 1073, 564, 59, 575, 64, 577, 579, 1093, 585, 1100, 589, 77, 1104, 1105, 595]"
252,User252,"[1408, 641, 1537, 772, 773, 1416, 1424, 658, 659, 1555, 789, 1557, 1554, 1562, 1570, 675, 1574, 1448, 1450, 1586, 1587, 1590, 706, 707, 708, 709, 1476, 711, 1478, 724]"
253,User253,"[530, 532, 542, 567, 570, 576, 580, 1102, 598, 600, 603, 605, 609, 611, 613, 614, 615, 1129, 105, 622, 624, 626, 628, 117, 118, 1144, 1148, 1152, 643, 646]"
254,User254,"[640, 1153, 769, 1155, 1156, 1288, 1162, 1293, 656, 614, 767, 1173, 662, 661, 1176, 792, 799, 679, 1203, 692, 694, 695, 699, 702, 703, 710, 1223, 1103, 1233, 728]"
255,User255,"[1413, 393, 1423, 402, 1429, 409, 411, 1308, 1313, 418, 419, 1449, 1325, 1461, 438, 1335, 440, 313, 1333, 317, 1341, 1471, 451, 323, 1350, 328, 330, 1487, 1492, 341]"
256,User256,"[1103, 1104, 1105, 1125, 1128, 1135, 1138, 1147, 1160, 1167, 1169, 1175, 1178, 1184, 1187, 1194, 1198, 1201, 1203, 1214, 704, 708, 1220, 1228, 717, 1229, 719, 1243, 1244, 736]"
257,User257,"[768, 1157, 773, 775, 648, 651, 654, 1167, 1039, 784, 655, 788, 1045, 1174, 663, 792, 660, 1050, 1051, 669, 671, 677, 680, 1071, 1082, 702, 1089, 1095, 712, 719]"
258,User258,"[1536, 1537, 256, 262, 1543, 135, 1290, 1547, 1292, 140, 146, 275, 1301, 152, 1305, 1309, 1437, 1311, 1566, 1441, 1314, 163, 164, 286, 1320, 169, 1325, 1327, 1201, 1333]"
259,User259,"[1026, 1027, 518, 1032, 1035, 1038, 529, 543, 544, 556, 557, 1071, 559, 1073, 1077, 570, 1083, 571, 1092, 585, 707, 715, 736, 737, 742, 754, 769, 777, 779, 788]"
260,User260,"[1540, 1542, 1552, 1554, 1592, 1593, 1598, 1599, 205, 219, 228, 229, 231, 240, 248, 260, 262, 266, 275, 1311, 1323, 302, 304, 1328, 307, 1339, 320, 326, 329, 332]"
261,User261,"[1127, 1137, 1148, 1158, 1159, 1162, 1164, 1168, 1172, 1177, 1178, 1188, 1192, 1204, 1209, 1223, 1228, 1230, 209, 213, 217, 221, 225, 226, 230, 1256, 1257, 1261, 239, 1263]"
262,User262,"[512, 514, 1027, 524, 1042, 1046, 1049, 1052, 541, 544, 1057, 545, 547, 550, 1069, 1070, 566, 1089, 1090, 1094, 1099, 591, 594, 1111, 611, 623, 625, 1140, 1143, 631]"
263,User263,"[513, 1025, 515, 1028, 522, 1041, 532, 1045, 1048, 537, 543, 1061, 1063, 553, 554, 556, 564, 565, 568, 571, 574, 576, 581, 1096, 1098, 1101, 591, 595, 597, 1119]"
264,User264,"[1420, 1296, 1300, 1301, 1302, 1437, 1183, 1440, 1441, 1316, 1320, 1450, 1195, 1328, 1457, 1330, 1329, 1460, 1334, 1337, 1340, 1347, 1219, 1221, 1479, 1483, 1488, 1366, 1367, 1113]"
265,User265,"[1538, 1031, 1553, 1555, 1049, 1051, 1052, 1054, 1058, 1574, 1575, 1578, 1579, 1581, 1585, 1589, 1600, 1091, 1092, 1103, 1113, 1115, 1116, 1119, 1120, 1121, 1122, 1131, 1132, 1142]"
266,User266,"[1024, 1152, 1025, 1027, 1028, 1157, 1158, 1286, 1035, 908, 1036, 1038, 1295, 912, 1041, 1170, 1299, 1043, 1045, 1046, 1173, 920, 921, 1178, 1050, 1052, 925, 1182, 1056, 1058]"
267,User267,"[1024, 1281, 1030, 1416, 1401, 1418, 1293, 1296, 916, 1045, 919, 1303, 1050, 1308, 1310, 1441, 932, 1447, 1320, 1323, 1324, 1325, 943, 1072, 1327, 1074, 1329, 1203, 949, 1334]"
268,User268,"[1028, 1029, 1034, 1038, 1039, 1040, 1043, 1044, 1045, 1047, 1053, 1057, 1074, 1084, 1091, 1092, 1093, 1094, 1096, 1098, 1104, 1105, 1111, 1122, 1134, 1140, 1149, 1164, 1168, 1169]"
269,User269,"[1024, 1030, 1036, 1037, 1038, 1048, 1050, 1056, 1061, 1067, 1070, 1071, 1076, 1084, 1087, 1100, 1104, 1105, 1109, 1116, 1118, 1139, 1144, 1149, 1151, 1189, 1197, 1221, 1225, 207]"
270,User270,"[649, 1420, 1402, 667, 1435, 1437, 1310, 799, 1309, 673, 678, 681, 685, 1465, 1338, 700, 703, 1471, 1347, 1350, 1359, 1491, 1364, 1363, 1495, 601, 1498, 603, 1499, 605]"
271,User271,"[896, 1537, 901, 1544, 1416, 906, 651, 1548, 1402, 1552, 657, 916, 1429, 534, 921, 538, 1563, 1564, 1436, 542, 928, 1568, 930, 547, 934, 809, 554, 682, 558, 1583]"
272,User272,"[514, 515, 1542, 519, 527, 1551, 533, 1564, 1569, 546, 1570, 563, 564, 1589, 1600, 581, 583, 589, 593, 599, 602, 604, 614, 622, 624, 633, 634, 636, 637, 640]"
273,User273,"[385, 258, 386, 1160, 1161, 1288, 269, 270, 398, 1168, 1297, 1173, 1175, 1181, 1151, 291, 294, 1196, 1214, 322, 1219, 333, 334, 1234, 212, 1110, 1111, 1240, 215, 1242]"
274,User274,"[897, 258, 1027, 259, 774, 902, 136, 1033, 780, 268, 911, 784, 1041, 786, 1039, 146, 789, 273, 921, 282, 284, 925, 1054, 801, 803, 931, 1065, 298, 173, 816]"
275,User275,"[1547, 1569, 1572, 1590, 1600, 609, 619, 620, 623, 111, 112, 630, 633, 122, 634, 636, 639, 145, 666, 675, 163, 681, 683, 179, 181, 695, 702, 703, 704, 705]"
276,User276,"[516, 1035, 525, 530, 1042, 540, 541, 1054, 1058, 553, 560, 561, 1074, 565, 1083, 1093, 1096, 1100, 590, 1104, 595, 1113, 602, 603, 604, 616, 622, 626, 1142, 1145]"
277,User277,"[515, 516, 900, 518, 903, 520, 522, 652, 525, 654, 912, 529, 921, 538, 411, 670, 671, 417, 804, 806, 551, 424, 553, 809, 555, 808, 685, 682, 680, 817]"
278,User278,"[1027, 1028, 1031, 1032, 523, 1037, 1040, 529, 1045, 1023, 542, 1056, 1058, 551, 1067, 1068, 1069, 1070, 558, 1079, 1080, 571, 1083, 573, 1089, 1094, 1098, 1100, 1102, 592]"
279,User279,"[384, 257, 133, 137, 394, 395, 142, 399, 143, 146, 403, 149, 152, 409, 155, 156, 286, 159, 288, 297, 429, 431, 304, 178, 442, 445, 191, 194, 452, 197]"
280,User280,"[513, 516, 1029, 1035, 527, 529, 537, 540, 542, 1055, 551, 1065, 555, 1067, 1068, 569, 1085, 1087, 578, 1090, 585, 1097, 1126, 1131, 1134, 112, 1153, 1154, 1156, 136]"
281,User281,"[1536, 1538, 1552, 1563, 1570, 1581, 1584, 1585, 1586, 709, 710, 717, 742, 768, 774, 776, 778, 790, 792, 796, 802, 805, 813, 820, 822, 827, 828, 831, 835, 837]"
282,User282,"[259, 5, 7, 393, 395, 140, 399, 400, 17, 274, 278, 281, 282, 284, 159, 288, 33, 167, 424, 297, 42, 298, 300, 45, 174, 49, 305, 51, 307, 181]"
283,User283,"[1025, 1026, 1027, 1032, 1033, 1034, 1054, 1063, 1077, 1080, 616, 630, 632, 634, 640, 660, 664, 673, 674, 681, 685, 686, 1203, 1204, 1212, 707, 718, 207, 1233, 723]"
284,User284,"[603, 607, 611, 615, 106, 109, 624, 119, 126, 641, 642, 136, 139, 141, 653, 149, 662, 664, 665, 666, 159, 671, 673, 681, 171, 687, 688, 697, 189, 701]"
285,User285,"[1408, 1412, 1029, 1158, 1041, 1426, 1177, 1433, 1180, 1182, 1438, 1440, 1443, 1190, 1319, 1067, 1070, 1457, 1330, 1459, 1461, 1464, 1338, 1083, 1467, 1341, 1476, 1093, 1354, 1356]"
286,User286,"[1112, 1113, 1123, 1148, 1152, 1165, 1167, 1169, 1170, 1212, 1214, 1224, 204, 207, 209, 1234, 1239, 216, 1244, 1253, 1262, 242, 1270, 249, 1274, 253, 254, 266, 1291, 1295]"
287,User287,"[516, 518, 519, 525, 528, 536, 549, 553, 559, 571, 574, 577, 589, 592, 597, 598, 703, 709, 715, 718, 738, 742, 753, 788, 1305, 1306, 1309, 1312, 801, 1322]"
288,User288,"[1539, 1541, 1542, 1548, 1038, 1046, 1558, 1048, 1052, 1061, 1066, 1580, 1069, 1589, 1594, 1086, 1097, 1098, 1100, 1138, 1143, 1148, 1153, 1162, 1170, 1179, 1188, 1197, 1216, 1232]"
289,User289,"[1155, 1030, 1161, 1165, 1294, 1298, 1300, 1173, 1174, 1050, 1060, 1319, 1063, 1321, 1322, 1065, 1324, 1325, 1071, 1330, 1331, 1332, 1207, 1340, 1213, 1215, 1087, 1345, 1346, 1221]"
290,User290,"[1025, 1036, 1037, 1038, 1046, 1055, 1066, 1075, 1077, 1078, 1080, 1082, 1091, 1094, 1095, 1101, 1113, 1116, 1124, 1126, 1128, 1138, 1139, 1140, 1141, 1145, 1157, 1158, 1162, 1164]"
291,User291,"[1028, 1031, 1044, 1053, 1055, 1059, 1063, 1068, 1069, 1072, 1098, 602, 615, 621, 625, 633, 643, 659, 660, 676, 677, 683, 692, 697, 712, 723, 732, 742, 746, 752]"
292,User292,"[640, 1152, 1155, 1283, 1288, 777, 649, 1161, 1165, 655, 785, 1169, 1299, 788, 1176, 665, 669, 798, 674, 676, 1196, 695, 1207, 698, 1212, 705, 706, 708, 710, 1222]"
293,User293,"[1285, 135, 392, 266, 271, 146, 274, 276, 278, 156, 1309, 158, 1311, 1312, 1313, 290, 159, 292, 303, 304, 1201, 306, 307, 308, 1206, 1208, 1210, 186, 318, 1342]"
294,User294,"[898, 1028, 773, 893, 782, 1037, 1044, 1175, 1049, 1053, 1055, 1056, 802, 804, 1191, 815, 1072, 818, 821, 1079, 826, 1089, 706, 841, 716, 849, 854, 1112, 1016, 731]"
295,User295,"[517, 526, 528, 543, 570, 579, 593, 595, 597, 1222, 202, 1227, 203, 204, 1232, 209, 211, 213, 1239, 218, 223, 1248, 227, 1254, 1257, 1259, 1260, 1266, 246, 1282]"
296,User296,"[1, 21, 23, 29, 31, 44, 54, 55, 63, 67, 73, 83, 90, 92, 93, 95, 102, 107, 113, 115, 123, 130, 142, 150, 154, 164, 174, 187, 193, 198]"
297,User297,"[385, 391, 910, 274, 917, 277, 283, 926, 805, 933, 814, 303, 944, 818, 820, 949, 822, 312, 318, 960, 320, 834, 323, 837, 844, 209, 213, 982, 342, 856]"
298,User298,"[1284, 901, 1290, 1292, 1297, 894, 922, 923, 1308, 1310, 1314, 804, 934, 937, 812, 817, 1202, 819, 949, 1208, 1209, 953, 828, 1216, 1346, 1218, 837, 1224, 840, 1357]"
299,User299,"[1540, 1548, 1563, 1568, 1570, 1574, 1579, 1591, 1593, 206, 207, 209, 210, 217, 218, 220, 229, 230, 248, 256, 278, 1305, 1307, 1308, 286, 809, 1323, 812, 811, 1329]"
300,User300,"[1032, 1037, 1038, 1039, 1046, 1052, 1055, 1075, 1087, 612, 613, 619, 625, 628, 633, 641, 647, 648, 650, 687, 701, 706, 709, 710, 711, 712, 720, 721, 722, 723]"
